<!--  
'timer' :: number of seconds between each image transition
'order' :: how you want your images displayed. choose either 'sequential' or 'random'
'looping' :: if the slide show is in sequential mode, this stops the show at the last image (use 'yes' for looping, 'no' for not)
'fadeTime' :: velocity of image crossfade. Increment for faster fades, decrement for slower. Approximately equal to seconds.
'xpos' :: _x position of all loaded clips (0 is default)
'ypos' :: _y position of all loaded clips (0 is default)
-->
<gallery timer="4" order="sequential" fadetime="2" looping="yes" xpos="102" ypos="96">
<image path="theme/flash/img256/001.jpg" />
<image path="theme/flash/img256/002.jpg" />
<image path="theme/flash/img256/003.jpg" />
<image path="theme/flash/img256/004.jpg" />
<image path="theme/flash/img256/005.jpg" />
<image path="theme/flash/img256/006.jpg" />
<image path="theme/flash/img256/007.jpg" />
<image path="theme/flash/img256/008.jpg" />
<image path="theme/flash/img256/009.jpg" />
</gallery>