<data version="1.5.4.0">
  <WebInfo>
    <Folder>C:\Users\wilson\Desktop\shozam\Blueridgeluxurycabin.com</Folder>
    <Theme>1</Theme>
    <GenAdvOpt>0</GenAdvOpt>
    <AlbumNameSeed>2</AlbumNameSeed>
    <ThemeFolder>
    </ThemeFolder>
    <Cured>X5aLkXND74yjrTwyKuawVXVRyPb8NTUn1HJjd1bXkAo=</Cured>
    <GalleryType>Shozam</GalleryType>
    <ThemeName>CrossFade-SapphireBlue</ThemeName>
    <WebName>Blueridgeluxurycabin.com</WebName>
    <WebTitle>Blueridgeluxurycabin.com</WebTitle>
    <LastUploaded>125911872000000000</LastUploaded>
    <ShowMenuBar>False</ShowMenuBar>
    <ShiftKey>False</ShiftKey>
    <PaypalEmailID>
    </PaypalEmailID>
    <GoogleAPIKey>
    </GoogleAPIKey>
    <CustomText>
    </CustomText>
    <CustomTextFontName>Arial</CustomTextFontName>
    <CustomTextFontSize>11</CustomTextFontSize>
    <CustomTextBold>False</CustomTextBold>
    <CustomTextItalic>False</CustomTextItalic>
    <CustomTextColor>255,255,255</CustomTextColor>
    <ShowAudioIcon>True</ShowAudioIcon>
    <ShowMapIcon>True</ShowMapIcon>
    <IntroAlbumAutomatic>True</IntroAlbumAutomatic>
    <MiniGallery>false</MiniGallery>
    <Preset>
    </Preset>
    <AffiliateId>
    </AffiliateId>
    <GmapMain />
    <GalleryOptions>
      <Title>
      </Title>
      <Location>
      </Location>
      <HeaderHTML />
      <BannerText>
      </BannerText>
      <BannerLink>
      </BannerLink>
      <FooterText>
      </FooterText>
      <FooterLink>
      </FooterLink>
      <GenerateMark>&lt;!-- saved from url=(0013)about:internet --&gt;</GenerateMark>
    </GalleryOptions>
    <Label>
      <Intro>
      </Intro>
      <HideIntro>False</HideIntro>
      <Index>
      </Index>
      <HideIndex>False</HideIndex>
      <Slideshow>
      </Slideshow>
      <HideSlideshow>False</HideSlideshow>
      <Info>
      </Info>
      <HideInfo>False</HideInfo>
      <QuickView>
      </QuickView>
      <HideQuickView>False</HideQuickView>
      <Large>
      </Large>
      <HideLarge>False</HideLarge>
      <Original>
      </Original>
      <HideOriginal>False</HideOriginal>
      <Details>
      </Details>
      <HideDetails>False</HideDetails>
      <DetailsAll>
      </DetailsAll>
      <HideDetailsAll>False</HideDetailsAll>
      <Map>
      </Map>
      <HideMap>False</HideMap>
      <Album>
      </Album>
      <HideAlbum>False</HideAlbum>
      <Prev>
      </Prev>
      <HidePrev>False</HidePrev>
      <Next>
      </Next>
      <HideNext>False</HideNext>
      <Play>
      </Play>
      <HidePlay>False</HidePlay>
      <Stop>
      </Stop>
      <HideStop>False</HideStop>
      <Duration>
      </Duration>
      <HideDuration>False</HideDuration>
      <Close>
      </Close>
      <HideClose>False</HideClose>
      <MoreAbove>
      </MoreAbove>
      <HideMoreAbove>False</HideMoreAbove>
      <MoreBelow>
      </MoreBelow>
      <HideMoreBelow>False</HideMoreBelow>
    </Label>
    <ImageOptions>
      <Crop>3</Crop>
      <ImgCompress>8</ImgCompress>
      <DisplayImgAndCamInfo>True</DisplayImgAndCamInfo>
      <SlidshowTimer>3</SlidshowTimer>
      <ExifInfo>False</ExifInfo>
      <DisableRightClick>False</DisableRightClick>
      <WatermarkImage>False</WatermarkImage>
      <WatermarkPlacement>0</WatermarkPlacement>
      <WatermarkOpacity>2</WatermarkOpacity>
      <CopyrightSymbol>True</CopyrightSymbol>
      <CustomText>False</CustomText>
      <CustomGraphic>
      </CustomGraphic>
    </ImageOptions>
    <WebOptions>
      <MetaDescription>
      </MetaDescription>
      <MetaKeywords>
      </MetaKeywords>
      <CustomHTMLtop><![CDATA[]]></CustomHTMLtop>
      <CustomHTMLbottom><![CDATA[]]></CustomHTMLbottom>
    </WebOptions>
    <ExifAttribute />
  </WebInfo>
  <album>
    <info>
      <albumpage>1</albumpage>
      <ChangeInAlbums>True</ChangeInAlbums>
      <albumimagepath>K:\SPP_backup\SPP_backup\siteproplus.com\htdocs\accounts\solitude\gallery\1038\1bedroom.jpg</albumimagepath>
      <albumimage>1bedroom.jpg</albumimage>
      <albumimagenoext>1bedroom</albumimagenoext>
      <albumimageindex>0</albumimageindex>
      <albumdescr>Professionally Decorated Interior of all rooms</albumdescr>
      <albumchanged>True</albumchanged>
      <albumDisplay>Thumbnail</albumDisplay>
      <hideAlbum>False</hideAlbum>
      <MenuText>
      </MenuText>
      <albumSnd>False</albumSnd>
      <albumSndPath>
      </albumSndPath>
      <IsAdvertAlbum>False</IsAdvertAlbum>
      <IsIntroAnimaAlbum>True</IsIntroAnimaAlbum>
      <IsInfoAlbum>False</IsInfoAlbum>
      <IsCoverAutomatic>True</IsCoverAutomatic>
      <AudioLoop>False</AudioLoop>
      <ForceCropForIntroImage>True</ForceCropForIntroImage>
    </info>
    <group>
      <picture>
        <name>K:\SPP_backup\SPP_backup\siteproplus.com\htdocs\accounts\solitude\gallery\1038\1bedroom.jpg</name>
        <shortname>1bedroom.jpg</shortname>
        <shortnamenoext>1bedroom</shortnamenoext>
        <ChangeInAlbumMedia>True</ChangeInAlbumMedia>
        <descr><![CDATA[1bedroom.jpg]]></descr>
        <LongDescr><![CDATA[]]></LongDescr>
        <ImageSource>True</ImageSource>
        <rotate>0</rotate>
        <crop>3</crop>
        <JPGCompress>-1</JPGCompress>
        <source>False</source>
        <ScaleDown>True</ScaleDown>
        <ScaleWidth>1000</ScaleWidth>
        <ScaleHeight>700</ScaleHeight>
        <changed>True</changed>
        <HideImage>False</HideImage>
        <ShowDesc>True</ShowDesc>
        <HidePage>False</HidePage>
        <IsVideo>False</IsVideo>
        <VideoPath>
        </VideoPath>
        <VideoName>
        </VideoName>
        <VideoLoop>False</VideoLoop>
        <PlaySnd>False</PlaySnd>
        <SndPath>
        </SndPath>
        <AudioLoop>False</AudioLoop>
        <HasThumbnailImg>False</HasThumbnailImg>
        <ThumbnailImgPath>
        </ThumbnailImgPath>
        <ThumbnailImgName>
        </ThumbnailImgName>
        <Type>image</Type>
        <Size>28.82</Size>
        <HTMLCodeAbove><![CDATA[]]></HTMLCodeAbove>
        <HTMLCodeBelow><![CDATA[]]></HTMLCodeBelow>
        <Gmap />
        <PayPal />
        <ExifText />
      </picture>
      <picture>
        <name>K:\SPP_backup\SPP_backup\siteproplus.com\htdocs\accounts\solitude\gallery\1038\aerial Grt rm.jpg</name>
        <shortname>aerial_Grt_rm.jpg</shortname>
        <shortnamenoext>aerial_Grt_rm</shortnamenoext>
        <ChangeInAlbumMedia>True</ChangeInAlbumMedia>
        <descr><![CDATA[aerial Grt rm.jpg]]></descr>
        <LongDescr><![CDATA[]]></LongDescr>
        <ImageSource>True</ImageSource>
        <rotate>0</rotate>
        <crop>3</crop>
        <JPGCompress>-1</JPGCompress>
        <source>False</source>
        <ScaleDown>True</ScaleDown>
        <ScaleWidth>1000</ScaleWidth>
        <ScaleHeight>700</ScaleHeight>
        <changed>True</changed>
        <HideImage>False</HideImage>
        <ShowDesc>True</ShowDesc>
        <HidePage>False</HidePage>
        <IsVideo>False</IsVideo>
        <VideoPath>
        </VideoPath>
        <VideoName>
        </VideoName>
        <VideoLoop>False</VideoLoop>
        <PlaySnd>False</PlaySnd>
        <SndPath>
        </SndPath>
        <AudioLoop>False</AudioLoop>
        <HasThumbnailImg>False</HasThumbnailImg>
        <ThumbnailImgPath>
        </ThumbnailImgPath>
        <ThumbnailImgName>
        </ThumbnailImgName>
        <Type>image</Type>
        <Size>86.22</Size>
        <HTMLCodeAbove><![CDATA[]]></HTMLCodeAbove>
        <HTMLCodeBelow><![CDATA[]]></HTMLCodeBelow>
        <Gmap />
        <PayPal />
        <ExifText>
          <Exif Code="274" Display="0" />
          <Exif Code="296" Display="2" />
          <Exif Code="272" Display="NIKON D50&#x0;" />
          <Exif Code="271" Display="NIKON CORPORATION&#x0;" />
          <Exif Code="306" Display="2006:04:07 21:17:42&#x0;" />
          <Exif Code="283" Display="300/1" />
          <Exif Code="282" Display="300/1" />
          <Exif Code="531" Display="2" />
        </ExifText>
      </picture>
      <picture>
        <name>K:\SPP_backup\SPP_backup\siteproplus.com\htdocs\accounts\solitude\gallery\1038\bedroom.jpg</name>
        <shortname>bedroom.jpg</shortname>
        <shortnamenoext>bedroom</shortnamenoext>
        <ChangeInAlbumMedia>True</ChangeInAlbumMedia>
        <descr><![CDATA[bedroom.jpg]]></descr>
        <LongDescr><![CDATA[]]></LongDescr>
        <ImageSource>True</ImageSource>
        <rotate>0</rotate>
        <crop>3</crop>
        <JPGCompress>-1</JPGCompress>
        <source>False</source>
        <ScaleDown>True</ScaleDown>
        <ScaleWidth>1000</ScaleWidth>
        <ScaleHeight>700</ScaleHeight>
        <changed>True</changed>
        <HideImage>False</HideImage>
        <ShowDesc>True</ShowDesc>
        <HidePage>False</HidePage>
        <IsVideo>False</IsVideo>
        <VideoPath>
        </VideoPath>
        <VideoName>
        </VideoName>
        <VideoLoop>False</VideoLoop>
        <PlaySnd>False</PlaySnd>
        <SndPath>
        </SndPath>
        <AudioLoop>False</AudioLoop>
        <HasThumbnailImg>False</HasThumbnailImg>
        <ThumbnailImgPath>
        </ThumbnailImgPath>
        <ThumbnailImgName>
        </ThumbnailImgName>
        <Type>image</Type>
        <Size>29.04</Size>
        <HTMLCodeAbove><![CDATA[]]></HTMLCodeAbove>
        <HTMLCodeBelow><![CDATA[]]></HTMLCodeBelow>
        <Gmap />
        <PayPal />
        <ExifText />
      </picture>
      <picture>
        <name>K:\SPP_backup\SPP_backup\siteproplus.com\htdocs\accounts\solitude\gallery\1038\bedrrom3.jpg</name>
        <shortname>bedrrom3.jpg</shortname>
        <shortnamenoext>bedrrom3</shortnamenoext>
        <ChangeInAlbumMedia>True</ChangeInAlbumMedia>
        <descr><![CDATA[bedrrom3.jpg]]></descr>
        <LongDescr><![CDATA[]]></LongDescr>
        <ImageSource>True</ImageSource>
        <rotate>0</rotate>
        <crop>3</crop>
        <JPGCompress>-1</JPGCompress>
        <source>False</source>
        <ScaleDown>True</ScaleDown>
        <ScaleWidth>1000</ScaleWidth>
        <ScaleHeight>700</ScaleHeight>
        <changed>True</changed>
        <HideImage>False</HideImage>
        <ShowDesc>True</ShowDesc>
        <HidePage>False</HidePage>
        <IsVideo>False</IsVideo>
        <VideoPath>
        </VideoPath>
        <VideoName>
        </VideoName>
        <VideoLoop>False</VideoLoop>
        <PlaySnd>False</PlaySnd>
        <SndPath>
        </SndPath>
        <AudioLoop>False</AudioLoop>
        <HasThumbnailImg>False</HasThumbnailImg>
        <ThumbnailImgPath>
        </ThumbnailImgPath>
        <ThumbnailImgName>
        </ThumbnailImgName>
        <Type>image</Type>
        <Size>31.17</Size>
        <HTMLCodeAbove><![CDATA[]]></HTMLCodeAbove>
        <HTMLCodeBelow><![CDATA[]]></HTMLCodeBelow>
        <Gmap />
        <PayPal />
        <ExifText />
      </picture>
      <picture>
        <name>K:\SPP_backup\SPP_backup\siteproplus.com\htdocs\accounts\solitude\gallery\1038\dining bar fieldstone5.JPG</name>
        <shortname>dining_bar_fieldstone5.JPG</shortname>
        <shortnamenoext>dining_bar_fieldstone5</shortnamenoext>
        <ChangeInAlbumMedia>True</ChangeInAlbumMedia>
        <descr><![CDATA[dining bar fieldstone5.JPG]]></descr>
        <LongDescr><![CDATA[]]></LongDescr>
        <ImageSource>True</ImageSource>
        <rotate>0</rotate>
        <crop>3</crop>
        <JPGCompress>-1</JPGCompress>
        <source>False</source>
        <ScaleDown>True</ScaleDown>
        <ScaleWidth>1000</ScaleWidth>
        <ScaleHeight>700</ScaleHeight>
        <changed>True</changed>
        <HideImage>False</HideImage>
        <ShowDesc>True</ShowDesc>
        <HidePage>False</HidePage>
        <IsVideo>False</IsVideo>
        <VideoPath>
        </VideoPath>
        <VideoName>
        </VideoName>
        <VideoLoop>False</VideoLoop>
        <PlaySnd>False</PlaySnd>
        <SndPath>
        </SndPath>
        <AudioLoop>False</AudioLoop>
        <HasThumbnailImg>False</HasThumbnailImg>
        <ThumbnailImgPath>
        </ThumbnailImgPath>
        <ThumbnailImgName>
        </ThumbnailImgName>
        <Type>image</Type>
        <Size>80.43</Size>
        <HTMLCodeAbove><![CDATA[]]></HTMLCodeAbove>
        <HTMLCodeBelow><![CDATA[]]></HTMLCodeBelow>
        <Gmap />
        <PayPal />
        <ExifText>
          <Exif Code="274" Display="0" />
          <Exif Code="296" Display="2" />
          <Exif Code="272" Display="NIKON D50&#x0;" />
          <Exif Code="271" Display="NIKON CORPORATION&#x0;" />
          <Exif Code="306" Display="2006:04:01 12:46:19&#x0;" />
          <Exif Code="283" Display="300/1" />
          <Exif Code="282" Display="300/1" />
          <Exif Code="531" Display="2" />
        </ExifText>
      </picture>
      <picture>
        <name>K:\SPP_backup\SPP_backup\siteproplus.com\htdocs\accounts\solitude\gallery\1038\dining sofa.jpg</name>
        <shortname>dining_sofa.jpg</shortname>
        <shortnamenoext>dining_sofa</shortnamenoext>
        <ChangeInAlbumMedia>True</ChangeInAlbumMedia>
        <descr><![CDATA[dining sofa.jpg]]></descr>
        <LongDescr><![CDATA[]]></LongDescr>
        <ImageSource>True</ImageSource>
        <rotate>0</rotate>
        <crop>3</crop>
        <JPGCompress>-1</JPGCompress>
        <source>False</source>
        <ScaleDown>True</ScaleDown>
        <ScaleWidth>1000</ScaleWidth>
        <ScaleHeight>700</ScaleHeight>
        <changed>True</changed>
        <HideImage>False</HideImage>
        <ShowDesc>True</ShowDesc>
        <HidePage>False</HidePage>
        <IsVideo>False</IsVideo>
        <VideoPath>
        </VideoPath>
        <VideoName>
        </VideoName>
        <VideoLoop>False</VideoLoop>
        <PlaySnd>False</PlaySnd>
        <SndPath>
        </SndPath>
        <AudioLoop>False</AudioLoop>
        <HasThumbnailImg>False</HasThumbnailImg>
        <ThumbnailImgPath>
        </ThumbnailImgPath>
        <ThumbnailImgName>
        </ThumbnailImgName>
        <Type>image</Type>
        <Size>40.62</Size>
        <HTMLCodeAbove><![CDATA[]]></HTMLCodeAbove>
        <HTMLCodeBelow><![CDATA[]]></HTMLCodeBelow>
        <Gmap />
        <PayPal />
        <ExifText>
          <Exif Code="274" Display="0" />
          <Exif Code="296" Display="2" />
          <Exif Code="272" Display="Canon PowerShot SD200&#x0;" />
          <Exif Code="271" Display="Canon&#x0;" />
          <Exif Code="306" Display="2006:04:01 11:03:08&#x0;" />
          <Exif Code="283" Display="180/1" />
          <Exif Code="282" Display="180/1" />
          <Exif Code="531" Display="1" />
        </ExifText>
      </picture>
      <picture>
        <name>K:\SPP_backup\SPP_backup\siteproplus.com\htdocs\accounts\solitude\gallery\1038\fireplace.jpg</name>
        <shortname>fireplace.jpg</shortname>
        <shortnamenoext>fireplace</shortnamenoext>
        <ChangeInAlbumMedia>True</ChangeInAlbumMedia>
        <descr><![CDATA[fireplace.jpg]]></descr>
        <LongDescr><![CDATA[]]></LongDescr>
        <ImageSource>True</ImageSource>
        <rotate>0</rotate>
        <crop>3</crop>
        <JPGCompress>-1</JPGCompress>
        <source>False</source>
        <ScaleDown>True</ScaleDown>
        <ScaleWidth>1000</ScaleWidth>
        <ScaleHeight>700</ScaleHeight>
        <changed>True</changed>
        <HideImage>False</HideImage>
        <ShowDesc>True</ShowDesc>
        <HidePage>False</HidePage>
        <IsVideo>False</IsVideo>
        <VideoPath>
        </VideoPath>
        <VideoName>
        </VideoName>
        <VideoLoop>False</VideoLoop>
        <PlaySnd>False</PlaySnd>
        <SndPath>
        </SndPath>
        <AudioLoop>False</AudioLoop>
        <HasThumbnailImg>False</HasThumbnailImg>
        <ThumbnailImgPath>
        </ThumbnailImgPath>
        <ThumbnailImgName>
        </ThumbnailImgName>
        <Type>image</Type>
        <Size>25.17</Size>
        <HTMLCodeAbove><![CDATA[]]></HTMLCodeAbove>
        <HTMLCodeBelow><![CDATA[]]></HTMLCodeBelow>
        <Gmap />
        <PayPal />
        <ExifText />
      </picture>
      <picture>
        <name>K:\SPP_backup\SPP_backup\siteproplus.com\htdocs\accounts\solitude\gallery\1038\Game rm seating area.jpg</name>
        <shortname>Game_rm_seating_area.jpg</shortname>
        <shortnamenoext>Game_rm_seating_area</shortnamenoext>
        <ChangeInAlbumMedia>True</ChangeInAlbumMedia>
        <descr><![CDATA[Game rm seating area.jpg]]></descr>
        <LongDescr><![CDATA[]]></LongDescr>
        <ImageSource>True</ImageSource>
        <rotate>0</rotate>
        <crop>3</crop>
        <JPGCompress>-1</JPGCompress>
        <source>False</source>
        <ScaleDown>True</ScaleDown>
        <ScaleWidth>1000</ScaleWidth>
        <ScaleHeight>700</ScaleHeight>
        <changed>True</changed>
        <HideImage>False</HideImage>
        <ShowDesc>True</ShowDesc>
        <HidePage>False</HidePage>
        <IsVideo>False</IsVideo>
        <VideoPath>
        </VideoPath>
        <VideoName>
        </VideoName>
        <VideoLoop>False</VideoLoop>
        <PlaySnd>False</PlaySnd>
        <SndPath>
        </SndPath>
        <AudioLoop>False</AudioLoop>
        <HasThumbnailImg>False</HasThumbnailImg>
        <ThumbnailImgPath>
        </ThumbnailImgPath>
        <ThumbnailImgName>
        </ThumbnailImgName>
        <Type>image</Type>
        <Size>34.96</Size>
        <HTMLCodeAbove><![CDATA[]]></HTMLCodeAbove>
        <HTMLCodeBelow><![CDATA[]]></HTMLCodeBelow>
        <Gmap />
        <PayPal />
        <ExifText>
          <Exif Code="274" Display="0" />
          <Exif Code="296" Display="2" />
          <Exif Code="272" Display="Canon PowerShot SD200&#x0;" />
          <Exif Code="271" Display="Canon&#x0;" />
          <Exif Code="306" Display="2006:04:16 14:03:38&#x0;" />
          <Exif Code="283" Display="180/1" />
          <Exif Code="282" Display="180/1" />
          <Exif Code="531" Display="1" />
        </ExifText>
      </picture>
      <picture>
        <name>K:\SPP_backup\SPP_backup\siteproplus.com\htdocs\accounts\solitude\gallery\1038\good master shot.JPG</name>
        <shortname>good_master_shot.JPG</shortname>
        <shortnamenoext>good_master_shot</shortnamenoext>
        <ChangeInAlbumMedia>True</ChangeInAlbumMedia>
        <descr><![CDATA[good master shot.JPG]]></descr>
        <LongDescr><![CDATA[]]></LongDescr>
        <ImageSource>True</ImageSource>
        <rotate>0</rotate>
        <crop>3</crop>
        <JPGCompress>-1</JPGCompress>
        <source>False</source>
        <ScaleDown>True</ScaleDown>
        <ScaleWidth>1000</ScaleWidth>
        <ScaleHeight>700</ScaleHeight>
        <changed>True</changed>
        <HideImage>False</HideImage>
        <ShowDesc>True</ShowDesc>
        <HidePage>False</HidePage>
        <IsVideo>False</IsVideo>
        <VideoPath>
        </VideoPath>
        <VideoName>
        </VideoName>
        <VideoLoop>False</VideoLoop>
        <PlaySnd>False</PlaySnd>
        <SndPath>
        </SndPath>
        <AudioLoop>False</AudioLoop>
        <HasThumbnailImg>False</HasThumbnailImg>
        <ThumbnailImgPath>
        </ThumbnailImgPath>
        <ThumbnailImgName>
        </ThumbnailImgName>
        <Type>image</Type>
        <Size>71.73</Size>
        <HTMLCodeAbove><![CDATA[]]></HTMLCodeAbove>
        <HTMLCodeBelow><![CDATA[]]></HTMLCodeBelow>
        <Gmap />
        <PayPal />
        <ExifText>
          <Exif Code="274" Display="0" />
          <Exif Code="296" Display="2" />
          <Exif Code="272" Display="NIKON D50&#x0;" />
          <Exif Code="271" Display="NIKON CORPORATION&#x0;" />
          <Exif Code="306" Display="2006:04:01 12:40:44&#x0;" />
          <Exif Code="283" Display="300/1" />
          <Exif Code="282" Display="300/1" />
          <Exif Code="531" Display="2" />
        </ExifText>
      </picture>
      <picture>
        <name>K:\SPP_backup\SPP_backup\siteproplus.com\htdocs\accounts\solitude\gallery\1038\grt rm fireplace.jpg</name>
        <shortname>grt_rm_fireplace.jpg</shortname>
        <shortnamenoext>grt_rm_fireplace</shortnamenoext>
        <ChangeInAlbumMedia>True</ChangeInAlbumMedia>
        <descr><![CDATA[grt rm fireplace.jpg]]></descr>
        <LongDescr><![CDATA[]]></LongDescr>
        <ImageSource>True</ImageSource>
        <rotate>0</rotate>
        <crop>3</crop>
        <JPGCompress>-1</JPGCompress>
        <source>False</source>
        <ScaleDown>True</ScaleDown>
        <ScaleWidth>1000</ScaleWidth>
        <ScaleHeight>700</ScaleHeight>
        <changed>True</changed>
        <HideImage>False</HideImage>
        <ShowDesc>True</ShowDesc>
        <HidePage>False</HidePage>
        <IsVideo>False</IsVideo>
        <VideoPath>
        </VideoPath>
        <VideoName>
        </VideoName>
        <VideoLoop>False</VideoLoop>
        <PlaySnd>False</PlaySnd>
        <SndPath>
        </SndPath>
        <AudioLoop>False</AudioLoop>
        <HasThumbnailImg>False</HasThumbnailImg>
        <ThumbnailImgPath>
        </ThumbnailImgPath>
        <ThumbnailImgName>
        </ThumbnailImgName>
        <Type>image</Type>
        <Size>78.30</Size>
        <HTMLCodeAbove><![CDATA[]]></HTMLCodeAbove>
        <HTMLCodeBelow><![CDATA[]]></HTMLCodeBelow>
        <Gmap />
        <PayPal />
        <ExifText>
          <Exif Code="274" Display="0" />
          <Exif Code="296" Display="2" />
          <Exif Code="272" Display="NIKON D50&#x0;" />
          <Exif Code="271" Display="NIKON CORPORATION&#x0;" />
          <Exif Code="306" Display="2006:04:07 21:08:58&#x0;" />
          <Exif Code="283" Display="300/1" />
          <Exif Code="282" Display="300/1" />
          <Exif Code="531" Display="2" />
        </ExifText>
      </picture>
      <picture>
        <name>K:\SPP_backup\SPP_backup\siteproplus.com\htdocs\accounts\solitude\gallery\1038\kitchen.jpg</name>
        <shortname>kitchen.jpg</shortname>
        <shortnamenoext>kitchen</shortnamenoext>
        <ChangeInAlbumMedia>True</ChangeInAlbumMedia>
        <descr><![CDATA[kitchen.jpg]]></descr>
        <LongDescr><![CDATA[]]></LongDescr>
        <ImageSource>True</ImageSource>
        <rotate>0</rotate>
        <crop>3</crop>
        <JPGCompress>-1</JPGCompress>
        <source>False</source>
        <ScaleDown>True</ScaleDown>
        <ScaleWidth>1000</ScaleWidth>
        <ScaleHeight>700</ScaleHeight>
        <changed>True</changed>
        <HideImage>False</HideImage>
        <ShowDesc>True</ShowDesc>
        <HidePage>False</HidePage>
        <IsVideo>False</IsVideo>
        <VideoPath>
        </VideoPath>
        <VideoName>
        </VideoName>
        <VideoLoop>False</VideoLoop>
        <PlaySnd>False</PlaySnd>
        <SndPath>
        </SndPath>
        <AudioLoop>False</AudioLoop>
        <HasThumbnailImg>False</HasThumbnailImg>
        <ThumbnailImgPath>
        </ThumbnailImgPath>
        <ThumbnailImgName>
        </ThumbnailImgName>
        <Type>image</Type>
        <Size>30.00</Size>
        <HTMLCodeAbove><![CDATA[]]></HTMLCodeAbove>
        <HTMLCodeBelow><![CDATA[]]></HTMLCodeBelow>
        <Gmap />
        <PayPal />
        <ExifText />
      </picture>
      <picture>
        <name>K:\SPP_backup\SPP_backup\siteproplus.com\htdocs\accounts\solitude\gallery\1038\lounge.jpg</name>
        <shortname>lounge.jpg</shortname>
        <shortnamenoext>lounge</shortnamenoext>
        <ChangeInAlbumMedia>True</ChangeInAlbumMedia>
        <descr><![CDATA[lounge.jpg]]></descr>
        <LongDescr><![CDATA[]]></LongDescr>
        <ImageSource>True</ImageSource>
        <rotate>0</rotate>
        <crop>3</crop>
        <JPGCompress>-1</JPGCompress>
        <source>False</source>
        <ScaleDown>True</ScaleDown>
        <ScaleWidth>1000</ScaleWidth>
        <ScaleHeight>700</ScaleHeight>
        <changed>True</changed>
        <HideImage>False</HideImage>
        <ShowDesc>True</ShowDesc>
        <HidePage>False</HidePage>
        <IsVideo>False</IsVideo>
        <VideoPath>
        </VideoPath>
        <VideoName>
        </VideoName>
        <VideoLoop>False</VideoLoop>
        <PlaySnd>False</PlaySnd>
        <SndPath>
        </SndPath>
        <AudioLoop>False</AudioLoop>
        <HasThumbnailImg>False</HasThumbnailImg>
        <ThumbnailImgPath>
        </ThumbnailImgPath>
        <ThumbnailImgName>
        </ThumbnailImgName>
        <Type>image</Type>
        <Size>37.61</Size>
        <HTMLCodeAbove><![CDATA[]]></HTMLCodeAbove>
        <HTMLCodeBelow><![CDATA[]]></HTMLCodeBelow>
        <Gmap />
        <PayPal />
        <ExifText />
      </picture>
      <picture>
        <name>K:\SPP_backup\SPP_backup\siteproplus.com\htdocs\accounts\solitude\gallery\1038\mast bedrm.jpg</name>
        <shortname>mast_bedrm.jpg</shortname>
        <shortnamenoext>mast_bedrm</shortnamenoext>
        <ChangeInAlbumMedia>True</ChangeInAlbumMedia>
        <descr><![CDATA[mast bedrm.jpg]]></descr>
        <LongDescr><![CDATA[]]></LongDescr>
        <ImageSource>True</ImageSource>
        <rotate>0</rotate>
        <crop>3</crop>
        <JPGCompress>-1</JPGCompress>
        <source>False</source>
        <ScaleDown>True</ScaleDown>
        <ScaleWidth>1000</ScaleWidth>
        <ScaleHeight>700</ScaleHeight>
        <changed>True</changed>
        <HideImage>False</HideImage>
        <ShowDesc>True</ShowDesc>
        <HidePage>False</HidePage>
        <IsVideo>False</IsVideo>
        <VideoPath>
        </VideoPath>
        <VideoName>
        </VideoName>
        <VideoLoop>False</VideoLoop>
        <PlaySnd>False</PlaySnd>
        <SndPath>
        </SndPath>
        <AudioLoop>False</AudioLoop>
        <HasThumbnailImg>False</HasThumbnailImg>
        <ThumbnailImgPath>
        </ThumbnailImgPath>
        <ThumbnailImgName>
        </ThumbnailImgName>
        <Type>image</Type>
        <Size>68.21</Size>
        <HTMLCodeAbove><![CDATA[]]></HTMLCodeAbove>
        <HTMLCodeBelow><![CDATA[]]></HTMLCodeBelow>
        <Gmap />
        <PayPal />
        <ExifText>
          <Exif Code="274" Display="0" />
          <Exif Code="296" Display="2" />
          <Exif Code="272" Display="NIKON D50&#x0;" />
          <Exif Code="271" Display="NIKON CORPORATION&#x0;" />
          <Exif Code="306" Display="2006:04:07 23:13:39&#x0;" />
          <Exif Code="283" Display="300/1" />
          <Exif Code="282" Display="300/1" />
          <Exif Code="531" Display="2" />
        </ExifText>
      </picture>
      <picture>
        <name>K:\SPP_backup\SPP_backup\siteproplus.com\htdocs\accounts\solitude\gallery\1038\Master night shot40.jpg</name>
        <shortname>Master_night_shot40.jpg</shortname>
        <shortnamenoext>Master_night_shot40</shortnamenoext>
        <ChangeInAlbumMedia>True</ChangeInAlbumMedia>
        <descr><![CDATA[Master night shot40.jpg]]></descr>
        <LongDescr><![CDATA[]]></LongDescr>
        <ImageSource>True</ImageSource>
        <rotate>0</rotate>
        <crop>3</crop>
        <JPGCompress>-1</JPGCompress>
        <source>False</source>
        <ScaleDown>True</ScaleDown>
        <ScaleWidth>1000</ScaleWidth>
        <ScaleHeight>700</ScaleHeight>
        <changed>True</changed>
        <HideImage>False</HideImage>
        <ShowDesc>True</ShowDesc>
        <HidePage>False</HidePage>
        <IsVideo>False</IsVideo>
        <VideoPath>
        </VideoPath>
        <VideoName>
        </VideoName>
        <VideoLoop>False</VideoLoop>
        <PlaySnd>False</PlaySnd>
        <SndPath>
        </SndPath>
        <AudioLoop>False</AudioLoop>
        <HasThumbnailImg>False</HasThumbnailImg>
        <ThumbnailImgPath>
        </ThumbnailImgPath>
        <ThumbnailImgName>
        </ThumbnailImgName>
        <Type>image</Type>
        <Size>60.28</Size>
        <HTMLCodeAbove><![CDATA[]]></HTMLCodeAbove>
        <HTMLCodeBelow><![CDATA[]]></HTMLCodeBelow>
        <Gmap />
        <PayPal />
        <ExifText>
          <Exif Code="274" Display="0" />
          <Exif Code="296" Display="2" />
          <Exif Code="272" Display="NIKON D50&#x0;" />
          <Exif Code="271" Display="NIKON CORPORATION&#x0;" />
          <Exif Code="306" Display="2006:04:01 12:40:15&#x0;" />
          <Exif Code="283" Display="300/1" />
          <Exif Code="282" Display="300/1" />
          <Exif Code="531" Display="2" />
        </ExifText>
      </picture>
      <picture>
        <name>K:\SPP_backup\SPP_backup\siteproplus.com\htdocs\accounts\solitude\gallery\1038\mstr view towards deck0.jpg</name>
        <shortname>mstr_view_towards_deck0.jpg</shortname>
        <shortnamenoext>mstr_view_towards_deck0</shortnamenoext>
        <ChangeInAlbumMedia>True</ChangeInAlbumMedia>
        <descr><![CDATA[mstr view towards deck0.jpg]]></descr>
        <LongDescr><![CDATA[]]></LongDescr>
        <ImageSource>True</ImageSource>
        <rotate>0</rotate>
        <crop>3</crop>
        <JPGCompress>-1</JPGCompress>
        <source>False</source>
        <ScaleDown>True</ScaleDown>
        <ScaleWidth>1000</ScaleWidth>
        <ScaleHeight>700</ScaleHeight>
        <changed>True</changed>
        <HideImage>False</HideImage>
        <ShowDesc>True</ShowDesc>
        <HidePage>False</HidePage>
        <IsVideo>False</IsVideo>
        <VideoPath>
        </VideoPath>
        <VideoName>
        </VideoName>
        <VideoLoop>False</VideoLoop>
        <PlaySnd>False</PlaySnd>
        <SndPath>
        </SndPath>
        <AudioLoop>False</AudioLoop>
        <HasThumbnailImg>False</HasThumbnailImg>
        <ThumbnailImgPath>
        </ThumbnailImgPath>
        <ThumbnailImgName>
        </ThumbnailImgName>
        <Type>image</Type>
        <Size>83.52</Size>
        <HTMLCodeAbove><![CDATA[]]></HTMLCodeAbove>
        <HTMLCodeBelow><![CDATA[]]></HTMLCodeBelow>
        <Gmap />
        <PayPal />
        <ExifText>
          <Exif Code="274" Display="0" />
          <Exif Code="296" Display="2" />
          <Exif Code="272" Display="NIKON D50&#x0;" />
          <Exif Code="271" Display="NIKON CORPORATION&#x0;" />
          <Exif Code="306" Display="2006:04:01 12:40:15&#x0;" />
          <Exif Code="283" Display="300/1" />
          <Exif Code="282" Display="300/1" />
          <Exif Code="531" Display="2" />
        </ExifText>
      </picture>
      <picture>
        <name>K:\SPP_backup\SPP_backup\siteproplus.com\htdocs\accounts\solitude\gallery\1038\Pool table good .jpg</name>
        <shortname>Pool_table_good_.jpg</shortname>
        <shortnamenoext>Pool_table_good_</shortnamenoext>
        <ChangeInAlbumMedia>True</ChangeInAlbumMedia>
        <descr><![CDATA[Pool table good .jpg]]></descr>
        <LongDescr><![CDATA[]]></LongDescr>
        <ImageSource>True</ImageSource>
        <rotate>0</rotate>
        <crop>3</crop>
        <JPGCompress>-1</JPGCompress>
        <source>False</source>
        <ScaleDown>True</ScaleDown>
        <ScaleWidth>1000</ScaleWidth>
        <ScaleHeight>700</ScaleHeight>
        <changed>True</changed>
        <HideImage>False</HideImage>
        <ShowDesc>True</ShowDesc>
        <HidePage>False</HidePage>
        <IsVideo>False</IsVideo>
        <VideoPath>
        </VideoPath>
        <VideoName>
        </VideoName>
        <VideoLoop>False</VideoLoop>
        <PlaySnd>False</PlaySnd>
        <SndPath>
        </SndPath>
        <AudioLoop>False</AudioLoop>
        <HasThumbnailImg>False</HasThumbnailImg>
        <ThumbnailImgPath>
        </ThumbnailImgPath>
        <ThumbnailImgName>
        </ThumbnailImgName>
        <Type>image</Type>
        <Size>35.03</Size>
        <HTMLCodeAbove><![CDATA[]]></HTMLCodeAbove>
        <HTMLCodeBelow><![CDATA[]]></HTMLCodeBelow>
        <Gmap />
        <PayPal />
        <ExifText>
          <Exif Code="274" Display="0" />
          <Exif Code="296" Display="2" />
          <Exif Code="272" Display="Canon PowerShot SD200&#x0;" />
          <Exif Code="271" Display="Canon&#x0;" />
          <Exif Code="306" Display="2007:02:19 15:16:42&#x0;" />
          <Exif Code="283" Display="180/1" />
          <Exif Code="282" Display="180/1" />
          <Exif Code="531" Display="1" />
        </ExifText>
      </picture>
    </group>
  </album>
  <album>
    <info>
      <albumpage>2</albumpage>
      <ChangeInAlbums>True</ChangeInAlbums>
      <albumimagepath>K:\SPP_backup\SPP_backup\siteproplus.com\htdocs\accounts\solitude\gallery\1039\1173114673view.jpg</albumimagepath>
      <albumimage>1173114673view.jpg</albumimage>
      <albumimagenoext>1173114673view</albumimagenoext>
      <albumimageindex>0</albumimageindex>
      <albumdescr>Incredible Long Distant Views and Other Photos</albumdescr>
      <albumchanged>True</albumchanged>
      <albumDisplay>Thumbnail</albumDisplay>
      <hideAlbum>False</hideAlbum>
      <MenuText>
      </MenuText>
      <albumSnd>False</albumSnd>
      <albumSndPath>
      </albumSndPath>
      <IsAdvertAlbum>False</IsAdvertAlbum>
      <IsIntroAnimaAlbum>False</IsIntroAnimaAlbum>
      <IsInfoAlbum>False</IsInfoAlbum>
      <IsCoverAutomatic>True</IsCoverAutomatic>
      <AudioLoop>False</AudioLoop>
      <ForceCropForIntroImage>True</ForceCropForIntroImage>
    </info>
    <group>
      <picture>
        <name>K:\SPP_backup\SPP_backup\siteproplus.com\htdocs\accounts\solitude\gallery\1039\1173114673view.jpg</name>
        <shortname>1173114673view.jpg</shortname>
        <shortnamenoext>1173114673view</shortnamenoext>
        <ChangeInAlbumMedia>True</ChangeInAlbumMedia>
        <descr><![CDATA[1173114673view.jpg]]></descr>
        <LongDescr><![CDATA[]]></LongDescr>
        <ImageSource>True</ImageSource>
        <rotate>0</rotate>
        <crop>3</crop>
        <JPGCompress>-1</JPGCompress>
        <source>False</source>
        <ScaleDown>True</ScaleDown>
        <ScaleWidth>1000</ScaleWidth>
        <ScaleHeight>700</ScaleHeight>
        <changed>True</changed>
        <HideImage>False</HideImage>
        <ShowDesc>True</ShowDesc>
        <HidePage>False</HidePage>
        <IsVideo>False</IsVideo>
        <VideoPath>
        </VideoPath>
        <VideoName>
        </VideoName>
        <VideoLoop>False</VideoLoop>
        <PlaySnd>False</PlaySnd>
        <SndPath>
        </SndPath>
        <AudioLoop>False</AudioLoop>
        <HasThumbnailImg>False</HasThumbnailImg>
        <ThumbnailImgPath>
        </ThumbnailImgPath>
        <ThumbnailImgName>
        </ThumbnailImgName>
        <Type>image</Type>
        <Size>33.98</Size>
        <HTMLCodeAbove><![CDATA[]]></HTMLCodeAbove>
        <HTMLCodeBelow><![CDATA[]]></HTMLCodeBelow>
        <Gmap />
        <PayPal />
        <ExifText />
      </picture>
      <picture>
        <name>K:\SPP_backup\SPP_backup\siteproplus.com\htdocs\accounts\solitude\gallery\1039\1173321733Incredible fall leave mtn.jpg</name>
        <shortname>1173321733Incredible_fall_leave_mtn.jpg</shortname>
        <shortnamenoext>1173321733Incredible_fall_leave_mtn</shortnamenoext>
        <ChangeInAlbumMedia>True</ChangeInAlbumMedia>
        <descr><![CDATA[1173321733Incredible fall leave mtn.jpg]]></descr>
        <LongDescr><![CDATA[]]></LongDescr>
        <ImageSource>True</ImageSource>
        <rotate>0</rotate>
        <crop>3</crop>
        <JPGCompress>-1</JPGCompress>
        <source>False</source>
        <ScaleDown>True</ScaleDown>
        <ScaleWidth>1000</ScaleWidth>
        <ScaleHeight>700</ScaleHeight>
        <changed>True</changed>
        <HideImage>False</HideImage>
        <ShowDesc>True</ShowDesc>
        <HidePage>False</HidePage>
        <IsVideo>False</IsVideo>
        <VideoPath>
        </VideoPath>
        <VideoName>
        </VideoName>
        <VideoLoop>False</VideoLoop>
        <PlaySnd>False</PlaySnd>
        <SndPath>
        </SndPath>
        <AudioLoop>False</AudioLoop>
        <HasThumbnailImg>False</HasThumbnailImg>
        <ThumbnailImgPath>
        </ThumbnailImgPath>
        <ThumbnailImgName>
        </ThumbnailImgName>
        <Type>image</Type>
        <Size>56.32</Size>
        <HTMLCodeAbove><![CDATA[]]></HTMLCodeAbove>
        <HTMLCodeBelow><![CDATA[]]></HTMLCodeBelow>
        <Gmap />
        <PayPal />
        <ExifText>
          <Exif Code="274" Display="0" />
          <Exif Code="296" Display="2" />
          <Exif Code="272" Display="Canon PowerShot SD200&#x0;" />
          <Exif Code="271" Display="Canon&#x0;" />
          <Exif Code="306" Display="2006:11:03 10:02:22&#x0;" />
          <Exif Code="283" Display="180/1" />
          <Exif Code="282" Display="180/1" />
          <Exif Code="531" Display="1" />
        </ExifText>
      </picture>
      <picture>
        <name>K:\SPP_backup\SPP_backup\siteproplus.com\htdocs\accounts\solitude\gallery\1039\1176594510Good outside view of cabin.jpg</name>
        <shortname>1176594510Good_outside_view_of_cabin.jpg</shortname>
        <shortnamenoext>1176594510Good_outside_view_of_cabin</shortnamenoext>
        <ChangeInAlbumMedia>True</ChangeInAlbumMedia>
        <descr><![CDATA[1176594510Good outside view of cabin.jpg]]></descr>
        <LongDescr><![CDATA[]]></LongDescr>
        <ImageSource>True</ImageSource>
        <rotate>0</rotate>
        <crop>3</crop>
        <JPGCompress>-1</JPGCompress>
        <source>False</source>
        <ScaleDown>True</ScaleDown>
        <ScaleWidth>1000</ScaleWidth>
        <ScaleHeight>700</ScaleHeight>
        <changed>True</changed>
        <HideImage>False</HideImage>
        <ShowDesc>True</ShowDesc>
        <HidePage>False</HidePage>
        <IsVideo>False</IsVideo>
        <VideoPath>
        </VideoPath>
        <VideoName>
        </VideoName>
        <VideoLoop>False</VideoLoop>
        <PlaySnd>False</PlaySnd>
        <SndPath>
        </SndPath>
        <AudioLoop>False</AudioLoop>
        <HasThumbnailImg>False</HasThumbnailImg>
        <ThumbnailImgPath>
        </ThumbnailImgPath>
        <ThumbnailImgName>
        </ThumbnailImgName>
        <Type>image</Type>
        <Size>54.02</Size>
        <HTMLCodeAbove><![CDATA[]]></HTMLCodeAbove>
        <HTMLCodeBelow><![CDATA[]]></HTMLCodeBelow>
        <Gmap />
        <PayPal />
        <ExifText>
          <Exif Code="274" Display="0" />
          <Exif Code="296" Display="2" />
          <Exif Code="272" Display="Canon PowerShot SD200&#x0;" />
          <Exif Code="271" Display="Canon&#x0;" />
          <Exif Code="306" Display="2007:03:18 11:38:39&#x0;" />
          <Exif Code="283" Display="180/1" />
          <Exif Code="282" Display="180/1" />
          <Exif Code="531" Display="1" />
        </ExifText>
      </picture>
      <picture>
        <name>K:\SPP_backup\SPP_backup\siteproplus.com\htdocs\accounts\solitude\gallery\1039\1176594510Long private drive to cabin.jpg</name>
        <shortname>1176594510Long_private_drive_to_cabin.jpg</shortname>
        <shortnamenoext>1176594510Long_private_drive_to_cabin</shortnamenoext>
        <ChangeInAlbumMedia>True</ChangeInAlbumMedia>
        <descr><![CDATA[1176594510Long private drive to cabin.jpg]]></descr>
        <LongDescr><![CDATA[]]></LongDescr>
        <ImageSource>True</ImageSource>
        <rotate>0</rotate>
        <crop>3</crop>
        <JPGCompress>-1</JPGCompress>
        <source>False</source>
        <ScaleDown>True</ScaleDown>
        <ScaleWidth>1000</ScaleWidth>
        <ScaleHeight>700</ScaleHeight>
        <changed>True</changed>
        <HideImage>False</HideImage>
        <ShowDesc>True</ShowDesc>
        <HidePage>False</HidePage>
        <IsVideo>False</IsVideo>
        <VideoPath>
        </VideoPath>
        <VideoName>
        </VideoName>
        <VideoLoop>False</VideoLoop>
        <PlaySnd>False</PlaySnd>
        <SndPath>
        </SndPath>
        <AudioLoop>False</AudioLoop>
        <HasThumbnailImg>False</HasThumbnailImg>
        <ThumbnailImgPath>
        </ThumbnailImgPath>
        <ThumbnailImgName>
        </ThumbnailImgName>
        <Type>image</Type>
        <Size>66.48</Size>
        <HTMLCodeAbove><![CDATA[]]></HTMLCodeAbove>
        <HTMLCodeBelow><![CDATA[]]></HTMLCodeBelow>
        <Gmap />
        <PayPal />
        <ExifText>
          <Exif Code="274" Display="0" />
          <Exif Code="296" Display="2" />
          <Exif Code="272" Display="Canon PowerShot SD200&#x0;" />
          <Exif Code="271" Display="Canon&#x0;" />
          <Exif Code="306" Display="2007:03:18 11:34:19&#x0;" />
          <Exif Code="283" Display="180/1" />
          <Exif Code="282" Display="180/1" />
          <Exif Code="531" Display="1" />
        </ExifText>
      </picture>
      <picture>
        <name>K:\SPP_backup\SPP_backup\siteproplus.com\htdocs\accounts\solitude\gallery\1039\1176594511Hot tub.jpg</name>
        <shortname>1176594511Hot_tub.jpg</shortname>
        <shortnamenoext>1176594511Hot_tub</shortnamenoext>
        <ChangeInAlbumMedia>True</ChangeInAlbumMedia>
        <descr><![CDATA[1176594511Hot tub.jpg]]></descr>
        <LongDescr><![CDATA[]]></LongDescr>
        <ImageSource>True</ImageSource>
        <rotate>0</rotate>
        <crop>3</crop>
        <JPGCompress>-1</JPGCompress>
        <source>False</source>
        <ScaleDown>True</ScaleDown>
        <ScaleWidth>1000</ScaleWidth>
        <ScaleHeight>700</ScaleHeight>
        <changed>True</changed>
        <HideImage>False</HideImage>
        <ShowDesc>True</ShowDesc>
        <HidePage>False</HidePage>
        <IsVideo>False</IsVideo>
        <VideoPath>
        </VideoPath>
        <VideoName>
        </VideoName>
        <VideoLoop>False</VideoLoop>
        <PlaySnd>False</PlaySnd>
        <SndPath>
        </SndPath>
        <AudioLoop>False</AudioLoop>
        <HasThumbnailImg>False</HasThumbnailImg>
        <ThumbnailImgPath>
        </ThumbnailImgPath>
        <ThumbnailImgName>
        </ThumbnailImgName>
        <Type>image</Type>
        <Size>47.50</Size>
        <HTMLCodeAbove><![CDATA[]]></HTMLCodeAbove>
        <HTMLCodeBelow><![CDATA[]]></HTMLCodeBelow>
        <Gmap />
        <PayPal />
        <ExifText>
          <Exif Code="274" Display="0" />
          <Exif Code="296" Display="2" />
          <Exif Code="272" Display="Canon PowerShot SD200&#x0;" />
          <Exif Code="271" Display="Canon&#x0;" />
          <Exif Code="306" Display="2007:03:18 08:26:46&#x0;" />
          <Exif Code="283" Display="180/1" />
          <Exif Code="282" Display="180/1" />
          <Exif Code="531" Display="1" />
        </ExifText>
      </picture>
      <picture>
        <name>K:\SPP_backup\SPP_backup\siteproplus.com\htdocs\accounts\solitude\gallery\1039\bistro deck1.jpg</name>
        <shortname>bistro_deck1.jpg</shortname>
        <shortnamenoext>bistro_deck1</shortnamenoext>
        <ChangeInAlbumMedia>True</ChangeInAlbumMedia>
        <descr><![CDATA[bistro deck1.jpg]]></descr>
        <LongDescr><![CDATA[]]></LongDescr>
        <ImageSource>True</ImageSource>
        <rotate>0</rotate>
        <crop>3</crop>
        <JPGCompress>-1</JPGCompress>
        <source>False</source>
        <ScaleDown>True</ScaleDown>
        <ScaleWidth>1000</ScaleWidth>
        <ScaleHeight>700</ScaleHeight>
        <changed>True</changed>
        <HideImage>False</HideImage>
        <ShowDesc>True</ShowDesc>
        <HidePage>False</HidePage>
        <IsVideo>False</IsVideo>
        <VideoPath>
        </VideoPath>
        <VideoName>
        </VideoName>
        <VideoLoop>False</VideoLoop>
        <PlaySnd>False</PlaySnd>
        <SndPath>
        </SndPath>
        <AudioLoop>False</AudioLoop>
        <HasThumbnailImg>False</HasThumbnailImg>
        <ThumbnailImgPath>
        </ThumbnailImgPath>
        <ThumbnailImgName>
        </ThumbnailImgName>
        <Type>image</Type>
        <Size>79.79</Size>
        <HTMLCodeAbove><![CDATA[]]></HTMLCodeAbove>
        <HTMLCodeBelow><![CDATA[]]></HTMLCodeBelow>
        <Gmap />
        <PayPal />
        <ExifText>
          <Exif Code="274" Display="0" />
          <Exif Code="296" Display="2" />
          <Exif Code="272" Display="NIKON D50&#x0;" />
          <Exif Code="271" Display="NIKON CORPORATION&#x0;" />
          <Exif Code="306" Display="2006:04:07 21:06:22&#x0;" />
          <Exif Code="283" Display="300/1" />
          <Exif Code="282" Display="300/1" />
          <Exif Code="531" Display="2" />
        </ExifText>
      </picture>
      <picture>
        <name>K:\SPP_backup\SPP_backup\siteproplus.com\htdocs\accounts\solitude\gallery\1039\Fall Leaf.jpg</name>
        <shortname>Fall_Leaf.jpg</shortname>
        <shortnamenoext>Fall_Leaf</shortnamenoext>
        <ChangeInAlbumMedia>True</ChangeInAlbumMedia>
        <descr><![CDATA[Fall Leaf.jpg]]></descr>
        <LongDescr><![CDATA[]]></LongDescr>
        <ImageSource>True</ImageSource>
        <rotate>0</rotate>
        <crop>3</crop>
        <JPGCompress>-1</JPGCompress>
        <source>False</source>
        <ScaleDown>True</ScaleDown>
        <ScaleWidth>1000</ScaleWidth>
        <ScaleHeight>700</ScaleHeight>
        <changed>True</changed>
        <HideImage>False</HideImage>
        <ShowDesc>True</ShowDesc>
        <HidePage>False</HidePage>
        <IsVideo>False</IsVideo>
        <VideoPath>
        </VideoPath>
        <VideoName>
        </VideoName>
        <VideoLoop>False</VideoLoop>
        <PlaySnd>False</PlaySnd>
        <SndPath>
        </SndPath>
        <AudioLoop>False</AudioLoop>
        <HasThumbnailImg>False</HasThumbnailImg>
        <ThumbnailImgPath>
        </ThumbnailImgPath>
        <ThumbnailImgName>
        </ThumbnailImgName>
        <Type>image</Type>
        <Size>65.08</Size>
        <HTMLCodeAbove><![CDATA[]]></HTMLCodeAbove>
        <HTMLCodeBelow><![CDATA[]]></HTMLCodeBelow>
        <Gmap />
        <PayPal />
        <ExifText>
          <Exif Code="274" Display="0" />
          <Exif Code="296" Display="2" />
          <Exif Code="272" Display="Canon PowerShot SD200&#x0;" />
          <Exif Code="271" Display="Canon&#x0;" />
          <Exif Code="306" Display="2006:11:03 10:02:40&#x0;" />
          <Exif Code="283" Display="180/1" />
          <Exif Code="282" Display="180/1" />
          <Exif Code="531" Display="1" />
        </ExifText>
      </picture>
      <picture>
        <name>K:\SPP_backup\SPP_backup\siteproplus.com\htdocs\accounts\solitude\gallery\1039\Good outside view of cabin.jpg</name>
        <shortname>Good_outside_view_of_cabin.jpg</shortname>
        <shortnamenoext>Good_outside_view_of_cabin</shortnamenoext>
        <ChangeInAlbumMedia>True</ChangeInAlbumMedia>
        <descr><![CDATA[Good outside view of cabin.jpg]]></descr>
        <LongDescr><![CDATA[]]></LongDescr>
        <ImageSource>True</ImageSource>
        <rotate>0</rotate>
        <crop>3</crop>
        <JPGCompress>-1</JPGCompress>
        <source>False</source>
        <ScaleDown>True</ScaleDown>
        <ScaleWidth>1000</ScaleWidth>
        <ScaleHeight>700</ScaleHeight>
        <changed>True</changed>
        <HideImage>False</HideImage>
        <ShowDesc>True</ShowDesc>
        <HidePage>False</HidePage>
        <IsVideo>False</IsVideo>
        <VideoPath>
        </VideoPath>
        <VideoName>
        </VideoName>
        <VideoLoop>False</VideoLoop>
        <PlaySnd>False</PlaySnd>
        <SndPath>
        </SndPath>
        <AudioLoop>False</AudioLoop>
        <HasThumbnailImg>False</HasThumbnailImg>
        <ThumbnailImgPath>
        </ThumbnailImgPath>
        <ThumbnailImgName>
        </ThumbnailImgName>
        <Type>image</Type>
        <Size>54.02</Size>
        <HTMLCodeAbove><![CDATA[]]></HTMLCodeAbove>
        <HTMLCodeBelow><![CDATA[]]></HTMLCodeBelow>
        <Gmap />
        <PayPal />
        <ExifText>
          <Exif Code="274" Display="0" />
          <Exif Code="296" Display="2" />
          <Exif Code="272" Display="Canon PowerShot SD200&#x0;" />
          <Exif Code="271" Display="Canon&#x0;" />
          <Exif Code="306" Display="2007:03:18 11:38:39&#x0;" />
          <Exif Code="283" Display="180/1" />
          <Exif Code="282" Display="180/1" />
          <Exif Code="531" Display="1" />
        </ExifText>
      </picture>
      <picture>
        <name>K:\SPP_backup\SPP_backup\siteproplus.com\htdocs\accounts\solitude\gallery\1039\great fall leave long dist.jpg</name>
        <shortname>great_fall_leave_long_dist.jpg</shortname>
        <shortnamenoext>great_fall_leave_long_dist</shortnamenoext>
        <ChangeInAlbumMedia>True</ChangeInAlbumMedia>
        <descr><![CDATA[great fall leave long dist.jpg]]></descr>
        <LongDescr><![CDATA[]]></LongDescr>
        <ImageSource>True</ImageSource>
        <rotate>0</rotate>
        <crop>3</crop>
        <JPGCompress>-1</JPGCompress>
        <source>False</source>
        <ScaleDown>True</ScaleDown>
        <ScaleWidth>1000</ScaleWidth>
        <ScaleHeight>700</ScaleHeight>
        <changed>True</changed>
        <HideImage>False</HideImage>
        <ShowDesc>True</ShowDesc>
        <HidePage>False</HidePage>
        <IsVideo>False</IsVideo>
        <VideoPath>
        </VideoPath>
        <VideoName>
        </VideoName>
        <VideoLoop>False</VideoLoop>
        <PlaySnd>False</PlaySnd>
        <SndPath>
        </SndPath>
        <AudioLoop>False</AudioLoop>
        <HasThumbnailImg>False</HasThumbnailImg>
        <ThumbnailImgPath>
        </ThumbnailImgPath>
        <ThumbnailImgName>
        </ThumbnailImgName>
        <Type>image</Type>
        <Size>72.27</Size>
        <HTMLCodeAbove><![CDATA[]]></HTMLCodeAbove>
        <HTMLCodeBelow><![CDATA[]]></HTMLCodeBelow>
        <Gmap />
        <PayPal />
        <ExifText>
          <Exif Code="274" Display="0" />
          <Exif Code="296" Display="2" />
          <Exif Code="272" Display="Canon PowerShot SD200&#x0;" />
          <Exif Code="271" Display="Canon&#x0;" />
          <Exif Code="306" Display="2006:11:03 10:02:04&#x0;" />
          <Exif Code="283" Display="180/1" />
          <Exif Code="282" Display="180/1" />
          <Exif Code="531" Display="1" />
        </ExifText>
      </picture>
      <picture>
        <name>K:\SPP_backup\SPP_backup\siteproplus.com\htdocs\accounts\solitude\gallery\1039\Hot tub.jpg</name>
        <shortname>Hot_tub.jpg</shortname>
        <shortnamenoext>Hot_tub</shortnamenoext>
        <ChangeInAlbumMedia>True</ChangeInAlbumMedia>
        <descr><![CDATA[Hot tub.jpg]]></descr>
        <LongDescr><![CDATA[]]></LongDescr>
        <ImageSource>True</ImageSource>
        <rotate>0</rotate>
        <crop>3</crop>
        <JPGCompress>-1</JPGCompress>
        <source>False</source>
        <ScaleDown>True</ScaleDown>
        <ScaleWidth>1000</ScaleWidth>
        <ScaleHeight>700</ScaleHeight>
        <changed>True</changed>
        <HideImage>False</HideImage>
        <ShowDesc>True</ShowDesc>
        <HidePage>False</HidePage>
        <IsVideo>False</IsVideo>
        <VideoPath>
        </VideoPath>
        <VideoName>
        </VideoName>
        <VideoLoop>False</VideoLoop>
        <PlaySnd>False</PlaySnd>
        <SndPath>
        </SndPath>
        <AudioLoop>False</AudioLoop>
        <HasThumbnailImg>False</HasThumbnailImg>
        <ThumbnailImgPath>
        </ThumbnailImgPath>
        <ThumbnailImgName>
        </ThumbnailImgName>
        <Type>image</Type>
        <Size>47.50</Size>
        <HTMLCodeAbove><![CDATA[]]></HTMLCodeAbove>
        <HTMLCodeBelow><![CDATA[]]></HTMLCodeBelow>
        <Gmap />
        <PayPal />
        <ExifText>
          <Exif Code="274" Display="0" />
          <Exif Code="296" Display="2" />
          <Exif Code="272" Display="Canon PowerShot SD200&#x0;" />
          <Exif Code="271" Display="Canon&#x0;" />
          <Exif Code="306" Display="2007:03:18 08:26:46&#x0;" />
          <Exif Code="283" Display="180/1" />
          <Exif Code="282" Display="180/1" />
          <Exif Code="531" Display="1" />
        </ExifText>
      </picture>
      <picture>
        <name>K:\SPP_backup\SPP_backup\siteproplus.com\htdocs\accounts\solitude\gallery\1039\Incredible fall leave mtn.jpg</name>
        <shortname>Incredible_fall_leave_mtn.jpg</shortname>
        <shortnamenoext>Incredible_fall_leave_mtn</shortnamenoext>
        <ChangeInAlbumMedia>True</ChangeInAlbumMedia>
        <descr><![CDATA[Incredible fall leave mtn.jpg]]></descr>
        <LongDescr><![CDATA[]]></LongDescr>
        <ImageSource>True</ImageSource>
        <rotate>0</rotate>
        <crop>3</crop>
        <JPGCompress>-1</JPGCompress>
        <source>False</source>
        <ScaleDown>True</ScaleDown>
        <ScaleWidth>1000</ScaleWidth>
        <ScaleHeight>700</ScaleHeight>
        <changed>True</changed>
        <HideImage>False</HideImage>
        <ShowDesc>True</ShowDesc>
        <HidePage>False</HidePage>
        <IsVideo>False</IsVideo>
        <VideoPath>
        </VideoPath>
        <VideoName>
        </VideoName>
        <VideoLoop>False</VideoLoop>
        <PlaySnd>False</PlaySnd>
        <SndPath>
        </SndPath>
        <AudioLoop>False</AudioLoop>
        <HasThumbnailImg>False</HasThumbnailImg>
        <ThumbnailImgPath>
        </ThumbnailImgPath>
        <ThumbnailImgName>
        </ThumbnailImgName>
        <Type>image</Type>
        <Size>56.32</Size>
        <HTMLCodeAbove><![CDATA[]]></HTMLCodeAbove>
        <HTMLCodeBelow><![CDATA[]]></HTMLCodeBelow>
        <Gmap />
        <PayPal />
        <ExifText>
          <Exif Code="274" Display="0" />
          <Exif Code="296" Display="2" />
          <Exif Code="272" Display="Canon PowerShot SD200&#x0;" />
          <Exif Code="271" Display="Canon&#x0;" />
          <Exif Code="306" Display="2006:11:03 10:02:22&#x0;" />
          <Exif Code="283" Display="180/1" />
          <Exif Code="282" Display="180/1" />
          <Exif Code="531" Display="1" />
        </ExifText>
      </picture>
      <picture>
        <name>K:\SPP_backup\SPP_backup\siteproplus.com\htdocs\accounts\solitude\gallery\1039\Long private drive to cabin.jpg</name>
        <shortname>Long_private_drive_to_cabin.jpg</shortname>
        <shortnamenoext>Long_private_drive_to_cabin</shortnamenoext>
        <ChangeInAlbumMedia>True</ChangeInAlbumMedia>
        <descr><![CDATA[Long private drive to cabin.jpg]]></descr>
        <LongDescr><![CDATA[]]></LongDescr>
        <ImageSource>True</ImageSource>
        <rotate>0</rotate>
        <crop>3</crop>
        <JPGCompress>-1</JPGCompress>
        <source>False</source>
        <ScaleDown>True</ScaleDown>
        <ScaleWidth>1000</ScaleWidth>
        <ScaleHeight>700</ScaleHeight>
        <changed>True</changed>
        <HideImage>False</HideImage>
        <ShowDesc>True</ShowDesc>
        <HidePage>False</HidePage>
        <IsVideo>False</IsVideo>
        <VideoPath>
        </VideoPath>
        <VideoName>
        </VideoName>
        <VideoLoop>False</VideoLoop>
        <PlaySnd>False</PlaySnd>
        <SndPath>
        </SndPath>
        <AudioLoop>False</AudioLoop>
        <HasThumbnailImg>False</HasThumbnailImg>
        <ThumbnailImgPath>
        </ThumbnailImgPath>
        <ThumbnailImgName>
        </ThumbnailImgName>
        <Type>image</Type>
        <Size>66.48</Size>
        <HTMLCodeAbove><![CDATA[]]></HTMLCodeAbove>
        <HTMLCodeBelow><![CDATA[]]></HTMLCodeBelow>
        <Gmap />
        <PayPal />
        <ExifText>
          <Exif Code="274" Display="0" />
          <Exif Code="296" Display="2" />
          <Exif Code="272" Display="Canon PowerShot SD200&#x0;" />
          <Exif Code="271" Display="Canon&#x0;" />
          <Exif Code="306" Display="2007:03:18 11:34:19&#x0;" />
          <Exif Code="283" Display="180/1" />
          <Exif Code="282" Display="180/1" />
          <Exif Code="531" Display="1" />
        </ExifText>
      </picture>
      <picture>
        <name>K:\SPP_backup\SPP_backup\siteproplus.com\htdocs\accounts\solitude\gallery\1039\outside cabin2.jpg</name>
        <shortname>outside_cabin2.jpg</shortname>
        <shortnamenoext>outside_cabin2</shortnamenoext>
        <ChangeInAlbumMedia>True</ChangeInAlbumMedia>
        <descr><![CDATA[outside cabin2.jpg]]></descr>
        <LongDescr><![CDATA[]]></LongDescr>
        <ImageSource>True</ImageSource>
        <rotate>0</rotate>
        <crop>3</crop>
        <JPGCompress>-1</JPGCompress>
        <source>False</source>
        <ScaleDown>True</ScaleDown>
        <ScaleWidth>1000</ScaleWidth>
        <ScaleHeight>700</ScaleHeight>
        <changed>True</changed>
        <HideImage>False</HideImage>
        <ShowDesc>True</ShowDesc>
        <HidePage>False</HidePage>
        <IsVideo>False</IsVideo>
        <VideoPath>
        </VideoPath>
        <VideoName>
        </VideoName>
        <VideoLoop>False</VideoLoop>
        <PlaySnd>False</PlaySnd>
        <SndPath>
        </SndPath>
        <AudioLoop>False</AudioLoop>
        <HasThumbnailImg>False</HasThumbnailImg>
        <ThumbnailImgPath>
        </ThumbnailImgPath>
        <ThumbnailImgName>
        </ThumbnailImgName>
        <Type>image</Type>
        <Size>100.49</Size>
        <HTMLCodeAbove><![CDATA[]]></HTMLCodeAbove>
        <HTMLCodeBelow><![CDATA[]]></HTMLCodeBelow>
        <Gmap />
        <PayPal />
        <ExifText>
          <Exif Code="274" Display="0" />
          <Exif Code="296" Display="2" />
          <Exif Code="272" Display="NIKON D50&#x0;" />
          <Exif Code="271" Display="NIKON CORPORATION&#x0;" />
          <Exif Code="306" Display="2006:04:01 20:15:08&#x0;" />
          <Exif Code="283" Display="300/1" />
          <Exif Code="282" Display="300/1" />
          <Exif Code="531" Display="2" />
        </ExifText>
      </picture>
    </group>
  </album>
</data>